[
  {
    "id": 1,
    "name": "iPhone 16 Pro",
    "price": 145000,
    "image": "/uploads/iphone16.jpg",
    "category": "apple",
    "stock": 5
  },
  {
    "id": 2,
    "name": "Samsung Galaxy A26",
    "price": 35000,
    "image": "/uploads/a26.jpg",
    "category": "samsung",
    "stock": 10
  },
  {
    "id": 3,
    "name": "Oppo A3x",
    "price": 19000,
    "image": "/uploads/oppo.jpg",
    "category": "oppo",
    "stock": 8
  },
  {
    "id": 4,
    "name": "Redmi Note 13 Pro",
    "price": 32000,
    "image": "/uploads/redmi13.jpg",
    "category": "redmi",
    "stock": 7
  },
  {
    "id": 5,
    "name": "Apple Watch SE 2",
    "price": 35000,
    "image": "/uploads/watchse2.jpg",
    "category": "apple",
    "stock": 6
  }
]